Index,Customer Id,First Name,Last Name,Company,City,Country,Phone 1,Phone 2,Email,Subscription Date,Website
1,bBc7268376f2Dd6,Darlene,Jensen,"Zamora, Castro and Daniels",Hectorstad,Netherlands Antilles,412.904.5933x1271,+1-283-475-5098x3934,schaeferandre@palmer.info,2023-10-22,https://watts.com/
2,AD75376D3C979c2,Nicolas,Barton,"Zavala, Dunn and Valencia",Johnsontown,Somalia,060.518.3585x237,(245)516-4262x3407,websterfaith@jenkins.com,2024-09-25,http://www.peterson.com/
3,5BeAF12BAA1dd28,Kendra,Armstrong,"Rodriguez, Morales and James",South Shirleymouth,Tuvalu,+1-396-663-6987x45187,001-231-103-6616x02094,isaiah88@thompson.com,2022-06-07,http://www.montoya.com/
4,5c8D5Eafa5E6cff,Brittany,Castro,Mosley LLC,North Mallory,Somalia,091.062.8679,001-399-018-3165x706,elaine92@wang.com,2023-10-26,http://carey.biz/
5,7DAF81Cc75Ec7bC,Cristian,Dougherty,Allison-Martinez,Schultztown,New Zealand,086-962-0693,9873136750,maddoxaustin@lawson.com,2022-04-21,http://pratt.com/
6,94Aa1f42aac0Ada,Zoe,Crawford,"Lozano, Wyatt and Hurley",Zamorahaven,Moldova,(997)570-7861,755.659.3474,jwatson@zimmerman.info,2021-03-25,https://blake.biz/
7,D688dDd9B6A755F,Omar,Brady,Vance and Sons,New Tammyshire,Qatar,001-784-568-0871x3652,263.533.3523x62014,ghammond@warren.com,2024-06-30,http://www.sherman.org/
8,bfa35e9092C84bf,Corey,Mata,George Group,Alvinchester,Ecuador,001-297-255-7179x25559,534.758.7930x97457,yfletcher@santana.com,2021-01-08,http://www.shields.biz/
9,AAA5c7D45ecc934,Jaclyn,Woodard,"Ho, Pennington and Pittman",North Theresaside,Tajikistan,(659)166-2601x95771,170-318-0488,duanebarker@meadows.biz,2021-12-31,https://www.yang-andersen.info/
10,9A2FDcD534Dae5B,Greg,Murray,Bishop-Oconnell,Gayburgh,Seychelles,(993)120-9848,602-150-7148,curtisnatalie@weeks.com,2022-09-17,https://cervantes.com/
11,cdbb6287AAE598b,Mackenzie,Montes,Hatfield-Washington,New Debbie,Singapore,221-460-3178x579,+1-128-900-4809,joanna19@lowery.com,2020-03-02,http://www.lowe-foley.com/
12,EDAcD5c7E48cd3D,Norman,Patrick,Hoffman-Trevino,East Amber,Taiwan,(119)783-1731,+1-929-480-6161,dominic18@walsh.com,2020-10-28,http://mclean.com/
13,0De03BD4E4C65f5,John,Marks,"Ortiz, Flynn and Bradshaw",Lake Jackieview,Italy,001-209-160-6498,+1-407-649-1514,fgibbs@curry.com,2023-12-23,http://www.arias.com/
14,Ef3b6d0DDFDDAEb,Travis,Perry,"Casey, Clark and Barrera",Lake Joanshire,Costa Rica,(289)457-0953x7875,(687)383-0186,warrenknapp@armstrong.org,2021-08-09,https://guerrero.org/
15,7Db52c40aFd3D31,Shawn,Farrell,"Zimmerman, Roach and Chung",East Cassidy,Congo,(828)465-2890x449,001-183-656-6346,xnichols@morse-cardenas.com,2023-07-04,http://www.finley.com/
16,6Ec51A1E8Fe7eFB,Shaun,Wall,Finley-Vance,West Morganberg,British Virgin Islands,001-836-534-1333,124.291.3056x22161,loconnell@shea.org,2024-01-23,https://woodard-moon.org/
17,7DbF73bbCEe07Df,Roger,Zavala,"Reynolds, Mcmillan and Rhodes",Fernandezborough,Macedonia,(358)307-4631x224,7039366404,carrillotimothy@maddox.org,2024-04-26,http://graham.org/
18,20d5CbC0AF71A5E,Desiree,Singleton,"Sims, Bolton and Fleming",West Haleyville,Holy See (Vatican City State),856.145.1496x2882,690-946-2500,fharris@maldonado.info,2022-01-14,https://burke.info/
19,fCaEfB5612d4Bf3,Melanie,Wilkinson,Harris-Conrad,Hendersonbury,El Salvador,(425)994-2164x109,156.987.5323x44122,dennisterrance@lara.com,2022-05-09,https://blake-spencer.net/
20,ce0Aca8e7bDa3e3,Danny,Massey,Potts-Fields,East Mallory,Finland,001-038-549-1809x2687,+1-427-932-4961x8711,lloydjeanette@bender.biz,2021-09-18,http://www.mueller.com/
21,6207AAbc7C2fCad,Dale,Mercer,"Middleton, Williams and Newman",West Edwin,Seychelles,127.940.8878x202,680.294.8528,athomas@osborn.com,2020-03-31,http://www.long.org/
22,7FaFd92ca1fB28c,Monica,Morse,"Garcia, Collier and Cohen",New Sonya,Syrian Arab Republic,+1-589-854-3382x97613,001-320-265-6969,cristinahays@barajas.com,2023-07-02,http://pace-lutz.com/
23,eCF6aBc3686Fff2,Stuart,Peck,Mccoy PLC,Nguyenberg,Argentina,095.235.8806,+1-341-866-8228,reynoldsmax@garner.com,2024-06-16,http://www.crosby-waller.com/
24,c9777a3A9f530b6,Krista,Li,Thompson and Sons,Cortezfort,Martinique,+1-424-510-4889x40078,(922)106-6149x9988,zachary23@dickerson-andersen.com,2021-08-11,http://www.guerrero-caldwell.net/
25,5EaE59a41Adc565,Clinton,Gonzalez,"Howell, Acosta and Black",Middletontown,Turks and Caicos Islands,(292)317-0225x7202,001-098-252-5905,goodwinmorgan@mullen.com,2020-07-11,http://www.nixon-gaines.info/
26,6A0eE61Fa35eB89,Roger,Galloway,Nichols-Ayala,Dillonberg,Saint Helena,001-918-272-5343x996,001-485-879-3405,derrickstewart@chaney.info,2022-09-07,http://www.huang.net/
27,aacAb8cA0625b9A,Tabitha,Nunez,Stein LLC,North Debbiemouth,Cayman Islands,787-377-9247,001-842-633-6224,jermainenavarro@shields-hardin.biz,2020-12-27,http://warner-mcknight.com/
28,8D8B1cffa3CccB2,Pam,Clements,Williamson-Schmitt,Jamieland,Australia,+1-812-465-7333x29630,7814340728,vmooney@huffman.com,2023-02-06,http://patton-conner.com/
29,FBAB332854a2d4F,Shannon,Jacobs,Solomon PLC,West Travis,Bahamas,597-641-3715x114,6795872674,jared24@wood-lewis.biz,2024-08-03,http://www.baker-mosley.com/
30,1ff323D4f60C6d1,Annette,Ward,Allen PLC,Barkerside,Ukraine,+1-643-142-2003x52356,(328)369-6196,velezalbert@fry-yates.biz,2022-08-11,http://bailey-cooke.com/
31,C96A6ACB0aCcaE0,Geoffrey,Combs,"Barrera, Mccormick and Dominguez",West Joannahaven,Macao,+1-812-338-7384,(939)697-7375,colewhitney@ellison.com,2022-05-22,https://www.malone.com/
32,edC9C20b02AC088,Riley,Walters,Duran and Sons,Rachaelland,Austria,5457642982,227.736.8819x5758,colinellison@anthony.com,2022-07-29,http://www.bowers-cervantes.net/
33,5cEE6b66DDddD3d,Alejandro,Hamilton,"Dickson, Benjamin and Hubbard",Woodsstad,Uganda,001-475-701-8313x541,534.052.3702x4356,livingstondwayne@huerta.com,2024-07-27,http://gill-novak.com/
34,9d1A42dC30c26b9,Gavin,Montoya,"Marsh, Meyers and Chambers",Bowmanborough,Afghanistan,(947)609-6442x0546,001-540-425-9804x0609,fmarquez@braun.com,2024-09-08,https://www.ross.com/
35,0F5875CED86B79d,Deanna,Fitzgerald,"Bell, Combs and Gonzalez",Leblancborough,Kazakhstan,362-526-2032x6392,+1-009-548-8493,belindapatrick@wyatt.com,2022-09-16,https://www.pollard.net/
36,DaFECE9fda8a6A5,Holly,Conley,Singleton-Schneider,Port Darius,French Southern Territories,(249)646-5525,177.505.0104x61083,greenenorma@camacho.org,2020-05-07,http://stafford.com/
37,797De61fff57BB7,Valerie,Mccoy,Harper-Odom,Camposfort,Andorra,001-762-055-8982x7171,946.986.7218x59008,preston69@cisneros.com,2021-11-28,https://day.org/
38,148423e37A2Bf1e,Kristine,Bowman,"Cowan, Delacruz and Morris",North Gilbertmouth,Western Sahara,9782930348,(948)029-2108x1065,chelseacamacho@mccarthy-weber.org,2020-12-10,http://www.calhoun-kemp.com/
39,6Ab601FEa8f9013,Anna,Lin,Rollins Inc,Savannahbury,Israel,214.744.0804x8618,(473)964-2107x8159,fsanders@fowler.com,2023-10-20,http://www.erickson.com/
40,8AF3b0EE7EBc42B,Marco,Choi,"Lynch, Henderson and Schneider",Cathyfort,Peru,001-587-370-9650x770,0208204583,ufry@wall.com,2024-08-18,https://www.allison.net/
41,fECBa6aCF8CA2e5,Traci,Warner,Cunningham LLC,New Seanview,Puerto Rico,935-256-7142,4070016891,chuff@whitney.org,2024-05-11,http://robles.net/
42,D8d295320560348,Bianca,Ayala,Murphy Group,Pollardburgh,United States of America,001-299-395-7392,9999636938,mirandadiana@holder.com,2024-01-30,http://bullock.com/
43,EBacfbb6f7a76Ac,Nicolas,Ellis,Valenzuela LLC,Stricklandburgh,Nicaragua,790.715.4615x748,(287)414-1493x83291,xbenitez@sanchez-fox.com,2022-07-20,http://www.ortega-vega.com/
44,944f3ceFFc7F8A9,Jerry,Brady,Baker LLC,West Richardmouth,Tajikistan,0112048688,413-447-6402,alexa49@salazar-norman.com,2022-03-09,http://madden.com/
45,b4Ff0DDe2eDbC91,Darius,Branch,Smith-Ryan,West Isaiahfurt,Vanuatu,+1-180-913-1366x522,(694)460-2910,chris08@benton-hendricks.com,2022-07-28,https://www.thompson.com/
46,4c658BDA1E78Dc9,Dwayne,Franco,"Woodward, Conner and Hale",Powellborough,Mali,(150)414-9226,+1-561-706-9382x1162,udennis@landry.com,2024-10-18,http://www.garza.net/
47,C219d35EA6B1CDb,Shawna,Kirk,Hamilton Ltd,Odonnellbury,Slovenia,635.288.2072x366,001-636-164-7391,meagan36@woodward.com,2020-04-03,http://www.cardenas.com/
48,82AbD2cEDEbeC39,Veronica,Lester,Jordan Group,Ritastad,Suriname,001-519-082-4880x61407,249-762-2618x80667,franksummer@bond.com,2021-03-29,https://edwards.info/
49,C2FaC90f95e1bfD,Zoe,Costa,Castillo-Mueller,North Katherine,Marshall Islands,(333)494-0753,(408)662-1517x27340,cristian52@ayers.com,2022-09-09,https://www.parrish-mendez.com/
50,B85BFb48299503c,Ann,Stone,"Zavala, Hartman and Marshall",Lake Tinaside,China,828.378.8792,243-757-4186x1843,daniel70@maddox.biz,2024-09-12,http://www.simpson-norris.org/
