Index,Account Id,Lead Owner,First Name,Last Name,Company,Phone 1,Phone 2,Email,Website,Notes
1,e5ecEaBffD3F30A,Keith Braun,Joe,Good,"Schneider, Nichols and Galvan",+1-600-173-3059x61840,+1-635-560-6790x7273,dtownsend@terrell.info,https://craig.info/,Five out look day.
2,1dCB014Fda4177a,Cesar Obrien,Kathy,Nichols,Alvarado Group,(923)791-4998x69173,001-710-389-2531x7135,boylelori@pruitt-beard.com,http://www.hunter-frye.com/,Participant finally say quality throw.
3,7CCEe0a4eFca3Fd,Sophia Goodwin,Briana,Faulkner,"Pennington, Klein and Church",001-308-787-6292x116,711-161-2769x8281,ncarter@cruz.org,http://www.higgins.com/,It science price pick.
4,13Ecd02a33Ee697,Carl Mathews,Brittany,Case,Cardenas LLC,001-570-708-7488x08651,+1-447-761-3408x2841,manningjackson@vargas.info,https://fletcher-zimmerman.com/,Pull one maybe forward first.
5,024AC55Ea0f1a9F,Manuel Gallegos,Glenn,Hudson,"Boyer, Bryant and Watkins",3650194617,715-043-4723x05290,btucker@strickland.com,http://faulkner.com/,Certainly inside upon.
6,F9D9ceBfE0565e8,Jacob Gordon,Dakota,Price,Edwards-Stuart,452.501.3120,001-409-884-9057,seth73@graves.com,http://hubbard.biz/,Note coach tax land than similar follow.
7,a40EcD5EAa0Aa61,Julian Ortega,Rita,Malone,"Fleming, Savage and Mosley",957.923.9641x9633,5337327226,vcisneros@charles.biz,http://mooney.com/,Determine prevent really research certainly.
8,F1EEB2e4D5cAFAA,Nina Christian,Leon,Shepard,Schultz Ltd,2319255068,+1-082-594-3218,terrancedaniel@delacruz.com,http://www.stephens-steele.com/,Keep kid answer staff themselves accept me huge.
9,AF0aab97F06f7e7,Johnny Day,Johnny,Davidson,"Mayo, Wagner and Carlson",(685)918-1450x9173,(495)849-5351x7357,ofischer@garrison.org,https://nelson-spears.com/,Son policy whom enter since set community low.
10,FFF65C45F86bBbb,Joy Mcbride,Marc,Barajas,"Gardner, Butler and Guerra",+1-251-481-5147,001-828-252-1383,acevedocandace@leon.info,http://gamble.biz/,Focus than ten store mention health.
11,bcccA93aFfcfF54,Caroline Little,Eduardo,Patrick,Marsh Inc,883-088-7964x189,486.329.2517,harrisonjason@stone-moran.com,https://www.short.com/,Nearly cause then policy return next difference figure.
12,eB1dadEeD8C8358,Laura Mcgee,Kim,James,"Yoder, Mcgee and Park",3242635493,954.316.7694x268,joylittle@petersen.org,http://www.koch-gill.com/,Structure study process someone professional.
13,Cb7f66E82Fac74b,Melvin Singh,Ronald,Walls,"Richards, Conley and Kidd",527-702-2984x531,001-248-054-4341x397,thill@mayo-hammond.com,http://hinton-mendoza.biz/,War necessary board worker.
14,bF7bBCa07f1Daf1,Betty Velez,Vernon,Colon,"Carter, Petersen and Vazquez",260-780-0833x4701,047.449.0151x964,balldale@leon-huff.com,http://mercer-ramirez.com/,Born kind decade be.
15,b99aF084E46c890,Ralph Henderson,Sharon,Snyder,Bates and Sons,989.235.1124,3162550293,rfleming@salinas-guerra.com,http://foster.net/,Deal meet history development travel challenge son believe.
16,4Eb84FAfcd0Bb64,Melissa Moon,Rick,Pruitt,Lee Group,5225510999,(459)475-4694x24710,scottadrian@mejia.com,https://frazier.biz/,Much middle condition owner difference seven.
17,46f0EAc5AbFc2e8,Gabriella Johnston,Amber,Castillo,"Glenn, Potts and Collins",001-549-531-8698x199,+1-031-598-8615x04439,zoe58@macias.org,http://www.french.com/,Safe agent box line capital health including.
18,5d63FDdEc83CDb8,Glenda Hicks,Kari,Trujillo,Joyce-Walton,201.185.7986x6374,638-306-5158,harringtonshane@christensen.biz,http://www.padilla-bond.net/,Leave yard person down those response red.
19,aDF9FF3C6b38c05,Christina Freeman,Caitlyn,Brady,Christensen Inc,1775150834,001-035-722-1923x59251,chavezandre@hurst.com,http://mccarthy.net/,Medical money situation figure kid evidence.
20,ddd3c4c5c7fE775,Lawrence Booker,Taylor,Snow,Curry Group,921-079-3133,001-561-860-0355,floresroberta@english.info,https://aguirre.net/,Stock network cause increase pattern.
21,9e13aE53f4FC00F,Jesse Chavez,Rose,Wiggins,Buck PLC,738.664.5164x0759,241-944-5724,george61@tran.info,http://www.robinson.info/,Indicate could door lot interview notice.
22,b7cFeEdEB9Ac3E2,Jeff Benitez,Betty,Liu,"Benson, Randall and Barajas",001-058-281-1411x32891,752-804-4403x1852,emontgomery@hunt.org,http://bright.org/,Support tough significant space carry way.
23,5175DAFc2c234cA,Meredith Stark,Joseph,Weeks,"Pitts, Burns and Hurst",+1-155-433-9169x4645,+1-349-012-6544x7456,sototerry@stein.com,https://dawson.net/,Wife scene point somebody leave themselves now.
24,a8736bc6b1dBeCC,Jared Allison,Darryl,Knox,"Roman, Mann and Skinner",194-840-6313,(469)893-2362x3136,paulasalazar@morrow-weeks.org,https://www.cummings-morgan.com/,Least she traditional decision hundred.
25,64fBdF2E6aFd635,Cassidy Richards,Victor,Orr,Aguilar LLC,111-883-6872x387,+1-609-714-7820x058,teresahogan@hess.com,http://cordova.com/,But fine tough protect strategy woman common.
26,0A581562865Fc39,Mike Mayo,Karla,Oliver,Hayden-Dickson,973.404.7894x51981,289.300.0712x532,joshuamiles@manning.net,http://cooley.biz/,Poor property management reach huge.
27,A5bcb7Ab2e2FaaF,Clinton Frank,Cheyenne,Little,Murillo PLC,001-537-558-3372,(405)612-3975x999,pnichols@maynard-warner.biz,http://malone.org/,Final training while although.
28,aceDddA0c7BF53C,Marcia Wyatt,Tyler,Schaefer,"Huerta, Carney and Arnold",(604)885-9149,806-034-0335x6825,tanya69@villa.com,http://stephens-fields.biz/,Often whose test record top life.
29,697bA3A1EA9CE7B,Bryce Drake,Nathan,Odonnell,Miranda-George,001-078-187-4934,(788)051-9140,travisnelson@sampson.com,https://www.henson.com/,Relationship writer foot recent.
30,c1CBDFa0C3E4E6B,Pamela Harrell,Tyler,Sosa,Jimenez-Holt,001-348-083-8837,(859)540-3118x9426,abishop@gallagher.info,https://www.david.info/,Have several administration.
31,ed5fFACBC4c6cCB,Lisa Davies,Jasmin,Boone,"Levy, Liu and Hall",(931)085-1185x2218,001-409-997-3867x42067,logan39@gross.com,https://church-reilly.biz/,Science night boy list door send.
32,Ad9Fe8AD2eDBBe4,Jeanne Landry,Amy,Davila,Donaldson-Heath,227.680.8647x0355,001-051-988-3055x657,lindsay52@johnson.com,https://wilkerson.com/,National media idea join popular hard message social.
33,3BebfbAf2EDaFcc,Joshua Bartlett,Whitney,Klein,Ellison Ltd,768.922.4190x010,+1-338-413-8684x35077,kevinhart@castillo.com,http://www.best.info/,Fine trial use later word.
34,06A8AD7bD5F2DDb,Heidi Barker,Kristina,Benitez,"Krause, Campbell and Irwin",575.447.3577x4199,001-232-993-6333x31505,jaime38@stafford-rocha.info,http://www.alvarado.com/,Special body call bag.
35,b2B434FF8C26C38,Christina Obrien,Kristina,Yoder,"Haynes, Roy and Garner",004-224-1306x643,+1-378-798-6881x3934,rubiocandace@hurst-simon.com,https://wright.info/,Radio ahead lay friend fall goal design.
36,DdAAbeAce2523AD,Kara Santana,Sonya,Page,Alvarado-Davis,(801)192-9657x84299,816.315.8750x960,bethanyroberts@ross.biz,https://www.watkins.info/,Imagine condition culture state.
37,aB8becBC0975161,Franklin Underwood,Allison,Harper,Terry Inc,001-469-828-2372x49504,(866)411-9080,alisonsaunders@henderson.org,https://www.villarreal.info/,Particular than pass chance sister.
38,7A2Cb5E90dc7f23,Dawn Poole,Shirley,Glenn,Paul Group,059.092.3392,001-806-780-3539x3409,aforbes@blake-hanna.com,http://www.french-rangel.com/,Bring price at.
39,4faAf3eA0a13ce0,Aaron Andrade,Traci,Ramirez,Smith Inc,001-139-839-7554,001-831-900-7242,calvingraham@phelps-dougherty.com,https://www.roberts.net/,Deep mention plan may red.
40,Ac503a33F1bE7b7,Jessica Peck,Andre,Calhoun,"Cowan, Bass and Barrera",001-114-794-2222x12439,751.871.5711x59875,sextonmaureen@dunn-harrell.biz,https://chung.com/,Style accept subject civil.
41,6c89F4d86B58be1,Johnny Franco,Allen,Yu,"Cole, Morse and Lee",001-124-393-4940x89759,+1-213-927-7910x29029,ubarker@castaneda.com,http://rivers.info/,Blood enjoy evidence value affect soldier stay.
42,c90cBAe44Cc9380,Aimee Jones,Nicolas,Larsen,"Drake, Hurley and Powell",737-104-5735,322-499-9328,lawsoncarrie@cannon.org,https://brandt.net/,Kid project year last tough over.
43,DB5BFaD90d6A91C,Vincent Parrish,Jesus,Peck,Murray-Farley,001-476-119-2337x65186,(773)682-1412x9659,lreed@roberson-brandt.com,https://www.smith.org/,Few available PM president weight hand.
44,9308d71FcFEb2aD,Frank Baird,Audrey,Mcmahon,Lawrence PLC,185-813-5918x98356,001-091-805-1162x7072,williepowell@roman-collier.com,http://www.stanton-cunningham.com/,Me sport table might Mr argue.
45,C6E62724cCAc252,Kristi Hancock,Kristina,Juarez,Haney-Pena,249.425.7798x2394,(723)200-6644x7335,heathermorrison@ayers.com,http://moore.com/,Choice whom major language.
46,E30eFE2091B1DfA,Kristy Cantrell,Trevor,Daugherty,Durham Group,358.750.1762x4342,001-371-472-0211x27991,cassandra13@madden.com,https://www.key.com/,Despite his control student.
47,8edee63cDB47834,Gerald Bush,Brittney,Suarez,"Larsen, Crosby and Huffman",001-547-973-2392,001-409-596-8602x56309,qirwin@robbins.info,https://villegas.com/,Anyone opportunity executive garden.
48,6904b8684DB0c2E,Lynn Washington,Earl,Rodgers,"Leonard, Snow and Terrell",738.732.4408,676.019.1265x553,bhendrix@thompson.com,http://bartlett-patterson.com/,Current challenge type important box family sure.
49,11c6E14Bb61EC99,Melanie Mathis,Mary,Fox,"Navarro, Foster and Day",155.543.1009,+1-356-696-4922x91833,gouldluke@burch.com,https://gray-shepard.com/,Forget voice good writer when window now.
50,dde240afcFEcACC,Caleb Gay,Gabriel,Mccann,Ryan LLC,963-389-5672x945,+1-473-420-6848x36772,zunigajared@lawson-logan.com,http://bush-pugh.com/,Talk meeting reduce my particular boy over.
51,355A6f9A694a899,Audrey Horne,Renee,Harrell,Maxwell Group,535-747-4187x1329,299.829.4798x120,gloria15@horton.com,https://www.jimenez-mcintyre.com/,They president on authority.
52,d1a6c3F4a7eA277,Dwayne Moran,Barry,Carey,Wood LLC,441.426.0001x622,411-218-4588x079,hrodriguez@reyes.biz,https://baird.biz/,Short save increase growth attorney option well value.
53,9EA48A02eD96Bc0,Regina Frey,Eric,Strong,Brown and Sons,+1-725-727-2756x33309,222-348-7639,ahartman@jordan-benitez.info,http://avila-hinton.info/,Song speak she voice write visit executive.
54,DD7932da01Dde14,Marie Moran,Brandy,Harrison,Pratt Inc,541.674.1982x627,198.731.6926,christophertodd@oconnell.info,http://www.rollins.com/,Nearly yourself dinner pressure allow series direction.
55,cE1f2CC5abD96ba,Morgan Dalton,Rachel,Lamb,Solis PLC,0061282673,727-147-0928x899,nicole28@gray.info,https://curry-swanson.com/,By cut could process if.
56,cDEa5Ec3DaA27b0,Mandy Conway,Alison,Fritz,Warren-Davis,(926)472-9373,(632)800-6108,buckleytricia@callahan.com,http://stephenson.info/,Soldier scientist painting.
57,16F69097FF9b75a,Elijah Daugherty,Shaun,David,"Mcconnell, Humphrey and Stephens",2816731688,2599258329,tabitha36@hensley.com,https://simpson.com/,Southern his plant paper yeah.
58,D6f5a5fE1c8a740,Cristina Miranda,Rhonda,Burton,Kirby-Powers,001-013-863-0559x218,(308)837-7407x41039,montoyadanny@crosby-perez.com,http://rhodes.info/,Knowledge show church answer.
59,AE29bABbCE7ea19,Nicolas Barry,Alvin,Moreno,Chambers LLC,153-184-0136,241.441.9751x5546,lonnie23@chandler-henson.com,http://leonard.com/,Easy now key your.
60,Ec7A52e02FBa9b4,Gordon Medina,Theresa,Mccall,Calderon-Huang,+1-856-633-4783x0918,+1-375-096-4684,mfigueroa@cuevas.net,https://www.cruz.com/,Drive poor agent ask national good floor reach.
61,dAdD0F67a58ecb2,Yvonne Bray,Chelsea,Carroll,Guerra LLC,322-178-9384,+1-265-026-9716,calvinblake@estes-archer.com,http://www.ward.info/,Condition author full prevent trade theory blood determine.
62,C1bf28BB7A58D1a,Julia Coffey,Melinda,Werner,"Torres, Ortega and Barnes",2775851310,0493187539,tanya37@leblanc.com,https://hoover.com/,Summer plan per wall.
63,E6f6db2D96501AC,Adrienne Liu,Edgar,Montoya,"Haney, Cooke and Kirby",+1-890-573-5434,7708842260,jamiecruz@decker-porter.com,http://barr-beard.info/,Everything challenge serve share environment one indicate.
64,8487F4Ef5473c8D,Lisa Lane,Katrina,Watson,Chandler PLC,186.968.5463x9404,(000)700-9372x774,sheliahorne@harrington.net,http://orr.org/,Conference cold edge win remain.
65,8BE5f48Bb68aa63,Harold Dean,Pam,West,Stevenson and Sons,(636)655-6101,447-380-9511x859,kosborn@hawkins.com,http://www.mckee.biz/,Water because stay job also.
66,bBcb8439e5fC03d,Jonathan Ferrell,Sherry,Bowen,Kerr-Gonzalez,001-416-749-5951x5730,001-981-682-8816x434,ytran@cochran.com,https://jackson-horn.info/,Off view impact hand join recent number.
67,EBBaEAEC61e3E38,Patty Harris,Bill,Williams,"Morrison, Grimes and Austin",(798)905-0605,974-120-7064,donovanrussell@garrison.com,https://cunningham-hahn.net/,Good activity enjoy north create this unit.
68,6aa16Ea6D25cd04,Mathew Foster,Rita,Oconnell,"Lynn, Horne and Myers",215-858-0417x0777,+1-096-891-3053x076,dscott@hines.com,https://www.erickson.com/,Vote box western hit join.
69,AFCa10DA7A6701C,Mary Zimmerman,Jade,Morrison,Booker-Weber,(930)150-2191,001-912-109-7541x18293,dawnbrowning@leonard-molina.com,http://www.cook-stevenson.com/,Away defense weight manager those wall kitchen.
70,DAcE8FCBe6F7d5d,Ronnie Leblanc,Grace,Macias,Harper-Poole,178-182-5663,+1-977-601-7839x2592,tarahaley@cantrell.com,https://www.prince.net/,Ten after above lay bank culture.
71,E9ECDaFc058Bc6b,Monica Mathis,Destiny,Trujillo,Fuentes-Fleming,+1-406-808-3091x135,298.013.9632,yfrank@henderson-olsen.com,http://kent.net/,Little statement responsibility difficult paper return.
72,A1DE2f22B70F7D2,Roger Branch,Chloe,Harrison,Li-Bernard,001-828-130-6599x94448,001-837-809-7720,castillotheodore@carney.com,https://booker.com/,System tree each executive suffer happy.
73,Ca041dee2aED32c,Clinton Hamilton,Karen,Ramsey,Castillo-Levine,(497)549-1497,(849)254-5128,leahpatel@erickson-oliver.com,https://www.luna.com/,Over benefit realize from month Democrat in.
74,96323B24D1DC1Da,Shawna Vazquez,Sabrina,Whitehead,Rasmussen and Sons,222.789.1684,(880)422-7460x494,sheilastone@costa.net,https://www.oneal-garner.biz/,Leg thus PM big suggest general effect.
75,3Ae75f01a9AEdca,Joanna Maxwell,Javier,James,Gibbs PLC,001-660-212-6257,+1-595-727-9099x8185,gvelasquez@peterson-washington.com,http://www.walker.net/,Amount back still these.
76,6Aeae76c6a6A916,Sydney Doyle,Shannon,Clements,Mcintyre-Stone,+1-383-103-9483x35224,001-120-187-5940x654,derekmercer@guerrero.com,https://andrews-golden.info/,Yeah couple response pull policy.
77,012fEbaCCAEB3aF,Rita Rosario,Zoe,Salazar,Walker and Sons,946-119-0354x8707,624-971-4906,josesnyder@olsen-baker.org,http://spencer.org/,Pass security position.
78,d2C89DFDE1B7e5d,Carolyn Jacobs,Mariah,Lozano,Melton-Richard,+1-160-046-9355,+1-675-874-9382,rtrevino@bright.com,https://www.camacho.com/,Like care several manager section receive party.
79,2e6ae079C2d3EAd,Erika Hurley,Frank,Randolph,Jennings Group,891.822.6816x4019,+1-015-207-1698,hensleycalvin@sheppard.com,https://www.hernandez.com/,Rise include bag newspaper.
80,e6EB3ef3F3f74f4,Jaime Conley,Kara,Ewing,Phillips-Carrillo,001-602-631-9046x744,523-584-2157x8958,reneesummers@chapman.com,http://david.biz/,Long other miss factor move none.
81,7B7ac44bF9FCAff,Vernon Craig,Adam,Calhoun,"Mcgrath, Diaz and Frye",488.288.7738,(512)738-3766x579,frederickterrance@stephens.com,http://www.stein.com/,Continue sit floor himself by recent.
82,3B0eDaEcfA6Eaa5,Gordon Wilson,Jerome,Cummings,Russo-Graves,(194)199-7352,305-705-9561x5411,jillianrichmond@sheppard.com,https://www.dorsey-chavez.com/,Reason executive city baby call list.
83,Cf5235FFF84a7fD,Sherri Gillespie,Austin,Robertson,"Lara, Pennington and Mathews",001-238-222-9445x805,5924719952,heberttroy@navarro.com,http://www.dixon.com/,School like chair teach all sport ball because.
84,00B63bDB035c5Da,Eugene Meadows,Lance,Henry,Mcknight Ltd,608-992-6635,210.655.1350,patricia64@schroeder-vasquez.org,http://walter.com/,Test risk degree better news.
85,9EBC0aCb1FA6139,Dean Haley,Alyssa,Hogan,Holder Group,001-902-103-9278x2218,706-749-2232x77648,pkline@walton-mercer.com,https://www.cervantes.com/,Name action suffer manage.
86,f7b190dFbFC3428,Briana Hoffman,Troy,Shaw,"Hendrix, Figueroa and Hart",216-652-3107x367,001-358-962-8431x19948,carmen63@berger-guerra.net,http://www.downs.com/,Act a according cause return of rule news.
87,Ac93dC485da44C8,Tracey Alvarez,Krystal,Oneill,Dougherty and Sons,417-063-9763x21777,(847)895-0486x34034,huffmankenneth@chang.com,https://woodard.biz/,Board forget simple audience rest.
88,F8f9F01DA23Ff96,Ashlee Murillo,Marc,Page,"Bradley, Salinas and Logan",(459)428-2733,(336)601-3017,malikhess@rodgers-hunt.org,https://www.myers.info/,Return guess large town task.
89,40b09b0eAC92Bb4,Nichole Bowen,Ruth,Stevens,"Carson, Bauer and Silva",099.797.6774x62419,191.952.4120x39763,hector30@fuentes.com,http://mahoney-salazar.com/,Both step picture party lay fine.
90,0Bd8f15773a5BF6,Marisa Cummings,Susan,Kent,Ramsey-Moreno,+1-405-123-0704x0510,861.043.2944,noneal@franklin-everett.org,http://www.mcclure-mckenzie.net/,Strong hotel total.
91,Ce345EA8dfa1172,Darin Washington,Samuel,Logan,Pollard Inc,365.671.5752,+1-250-525-2455x01863,osbornmeredith@burnett-black.org,https://castillo.com/,Whole wide husband exactly letter.
92,e3c92Ee00a200A4,Gloria Maddox,Jean,Nixon,Greene-Chase,345.972.5519x9895,(233)057-3335x29030,kari10@hunter.com,https://www.franco.biz/,Hear site its personal paper.
93,Bd2fff1C056E2b4,Zoe Prince,Marisa,Fitzgerald,Morse LLC,167-133-0336x020,001-063-253-9636,rebecca24@beasley.biz,https://www.bond-mason.net/,Attention field team better couple against situation.
94,D05Cc405Ec979ff,Christie Keller,Damon,Harrison,Pierce-Monroe,026-152-9363x973,+1-274-531-5742x819,pam53@mcclure.com,https://mills-gordon.net/,Natural appear beyond sing model hospital international.
95,c075C531Cd3dB37,Tina Chung,Morgan,Castillo,Burch Inc,297.580.0926x6727,001-400-309-6856x288,francisward@turner.com,http://www.ramirez.com/,Indeed good bar ability city.
96,06BAb36067C46E0,Ann Guerrero,Angie,Mccann,Lane-Dudley,001-169-119-2121,+1-938-680-8584x981,hfernandez@saunders-copeland.com,https://miranda-zamora.net/,Company population street history note college hospital.
97,CbEFAaEeEd30A0b,Gregg Richmond,Sherry,Avila,Lin Ltd,9563010269,(739)370-0055,kfriedman@davidson.info,https://www.meyer-perry.com/,Home report agreement rule watch site church find.
98,5effCa8128D912a,Levi Carey,Molly,Harrington,Guerra-Ferguson,376-278-1336,729.182.3988x58652,goldenalfred@raymond.org,https://wilson.com/,On other property street me.
99,516D5C476Eac2AB,Leroy Shepard,Phillip,Melton,"Brennan, Chen and Frey",258.133.6208x38334,350.461.2509x514,michele61@payne-hickman.com,http://turner.com/,Detail lay situation pattern role store.
100,c0c4caF4e0F83B1,Sandra Golden,Jack,Parker,Lowery LLC,609-873-5946,623.451.4906,zbates@calhoun.com,http://www.shea-oneal.com/,American staff president thing.
