Index,User Id,First Name,Last Name,Sex,Email,Phone,Date of birth,Job Title
1,5a0F9cBcC5Cd33F,Austin,Golden,Male,yesenia61@example.com,001-693-221-2276,1967-11-18,Biomedical scientist
2,1cc3DF120DaeCCC,Alan,Cook,Male,qkelley@example.net,480-703-3841,1967-05-11,Energy manager
3,98A55af118d1901,Vernon,Hayden,Female,oconnorgrant@example.com,(753)999-8562,1929-12-23,Midwife
4,F106096652CDd23,Ebony,Mason,Male,collin01@example.net,001-242-759-1769x66493,1920-09-02,Regulatory affairs officer
5,38aDfdB9Da0c88f,Meredith,Mckinney,Male,bill65@example.net,(285)395-2169,1930-04-21,Office manager
6,B7625f5DF121D41,Kaitlyn,Perkins,Male,ghaney@example.com,880.727.1129x304,1983-07-25,Bookseller
7,09a13E5BA3DdFf6,Cesar,Wong,Male,cassieford@example.net,221.519.0313x24319,1922-02-10,Press photographer
8,A1ccbAfF18dfa27,Vanessa,Weeks,Male,sheppardbailey@example.net,4970274141,1973-11-17,Podiatrist
9,Dca09e9F1459fd6,Diana,Mccormick,Male,pittsmeredith@example.com,(280)085-1479x1744,1977-10-29,Barista
10,E34dce61a670F56,Brandy,Larsen,Female,gilbertfox@example.com,(115)491-7306x4207,2023-09-06,Purchasing manager
11,CC16D4C4e0Cfaed,Margaret,Brandt,Female,wheelerjulian@example.com,+1-350-487-7664x892,1939-07-22,Risk manager
12,92679a7b1cBDECD,Brittney,Howard,Female,rubenmelendez@example.org,+1-297-616-5036x340,1979-03-22,Quantity surveyor
13,79BEbb3e5BA8a5b,Kaylee,Pruitt,Female,shaunlivingston@example.net,364.430.0117x4414,1909-05-04,Microbiologist
14,2b34DbFe80b12C5,Nicole,Leonard,Female,sethlambert@example.com,668-855-8371,1972-01-18,Communications engineer
15,df756D44F77b0eB,John,Mccoy,Male,zpruitt@example.org,121.205.1634x1483,1923-06-17,"Designer, exhibition/display"
16,CCFf14F8E73e94b,Douglas,Stephenson,Male,uhamilton@example.org,045.660.7966x36116,1912-05-24,Furniture designer
17,ed8bcc0bca428e8,Micheal,Olsen,Female,colton28@example.com,+1-343-677-5878,1946-02-15,Chief of Staff
18,9Cc5Ba94914E2A4,Pam,Bishop,Female,mariefloyd@example.net,950-993-7138x8856,1921-02-16,Market researcher
19,b3EC362f7F0eaDe,Dominic,Fletcher,Male,haydenperkins@example.org,001-599-567-9045x819,1933-03-10,"Production designer, theatre/television/film"
20,AabF93E46E9CD2C,Anna,Mcguire,Female,collin07@example.com,+1-310-017-6474,1969-03-16,Medical physicist
21,ecE8daBa34A9BEa,Donna,Rice,Male,mraymond@example.com,715-871-8278,1967-05-10,"Scientist, research (maths)"
22,5F585DaB181F807,Ariel,Delgado,Female,hgriffin@example.com,145.865.7396,1981-08-13,"Chemist, analytical"
23,7f1Df8bA05cC9d1,Ebony,Li,Male,bryce38@example.net,001-648-057-0070x1130,1983-12-02,Photographer
24,427C56cE69cbBec,Maureen,Blackwell,Male,alfredho@example.net,529.033.0640x40983,1979-05-17,Higher education lecturer
25,09eaC774bDD9C5A,Henry,Carlson,Male,jeanwalsh@example.net,(691)573-0506,1971-04-03,Secretary/administrator
26,94Cb7A847Ce9100,Stacey,Fry,Male,choward@example.com,878.578.6081,1999-09-11,"Civil engineer, contracting"
27,9EDf0CeA1aE5F8E,Tristan,Pham,Male,lynn92@example.net,795-817-0707,1911-05-17,Local government officer
28,4Bbf9d81EB84Bc3,Emily,Kramer,Female,denise39@example.net,361.911.7709x9825,1962-03-23,Fitness centre manager
29,CCe1aD0A3cEf2D3,Darius,Atkinson,Female,esteslogan@example.org,283-318-4538x800,1958-10-07,"Surveyor, insurance"
30,73A18A66e0Cedcf,Todd,Cowan,Female,fryemarc@example.org,001-165-220-2303x35183,1945-12-01,"Designer, industrial/product"
31,b8E1ef93E9F2C40,Andres,Summers,Female,dbuckley@example.com,510-404-9380,1963-09-01,"Teacher, early years/pre"
32,1fD4cB5Aa0FA556,Jasmine,Gallagher,Female,corey22@example.org,001-297-321-3055x73729,2009-12-21,"Scientist, research (maths)"
33,f7248b6a9F02C58,Jeff,Shaffer,Female,qclark@example.com,+1-795-253-2796x5542,2015-09-30,Customer service manager
34,E99C8364De91B5f,Marissa,Wiggins,Male,huangtracey@example.com,936.051.0037x6116,1940-05-11,Clinical molecular geneticist
35,EDbEeeD8dBCdDb0,Johnny,Booth,Female,elizabeth54@example.org,(275)805-2011,1988-09-22,Chemical engineer
36,77A2b6ca967B996,Sean,Hernandez,Male,kim23@example.net,+1-354-800-2168x5660,1999-08-03,"Education officer, environmental"
37,b0f86BDcA118B25,Kent,Gould,Female,wareerica@example.org,001-011-504-9896x64539,1925-08-08,Barista
38,8210BdA33FFA7bc,Travis,Meza,Female,davilasydney@example.org,735.213.9017x45217,2007-12-03,Travel agency manager
39,5CFfCdC5Cb615Fe,Briana,Dickerson,Female,christiansheila@example.com,265-324-9476x91771,1937-01-19,"Designer, furniture"
40,e6ecc1c00e8DeFd,David,Gates,Male,hullstuart@example.com,001-223-357-5370x7983,1953-12-25,IT consultant
41,F2A90fb0AD77ef4,Jake,Zavala,Female,ronnie71@example.net,+1-914-255-8054,2000-11-21,Exercise physiologist
42,ece1322Dacc0459,Jackson,Guzman,Male,fcallahan@example.org,585.102.0971,1945-01-26,"Engineer, manufacturing"
43,C6175e9f202FC0B,Rachael,Gamble,Female,dthomas@example.net,(492)464-9478,1914-05-13,"Scientist, physiological"
44,4E7be13BaFeDF3D,Nathaniel,Velez,Male,hamiltonphilip@example.net,(899)453-8019x821,2000-08-08,Chartered certified accountant
45,ceFb40041B1B3c3,Ricardo,Vargas,Male,xwatson@example.net,001-392-401-4076,1964-11-18,Advertising art director
46,db79E4D47EADB76,Mariah,Klein,Female,christine72@example.org,(263)975-3997x4887,1984-12-10,Ergonomist
47,fa8Ee38A1eDcbF3,Grant,Patterson,Female,tapiarandall@example.com,937-832-1266x84554,1972-09-27,"Engineer, civil (contracting)"
48,aF3aCfbDb0aDEce,Joanna,Cameron,Male,angela64@example.org,001-366-497-5508x183,1986-02-24,"Conservation officer, nature"
49,Be5AD7D3a9cC2Df,Benjamin,Gonzalez,Male,yugeorge@example.net,001-608-346-2776x9709,2004-01-24,"Designer, ceramics/pottery"
50,5C323C6af7Bf03c,Billy,Macdonald,Male,waltergloria@example.org,001-649-475-7058x6569,1923-08-23,Retail buyer
51,9AbEE48dEFe0669,Alexander,Fowler,Male,kristen94@example.net,+1-941-928-2483x566,1913-01-21,"Radiographer, therapeutic"
52,91FAe5E8aa2DAc9,Dawn,Bright,Male,philiphunt@example.com,192.983.8905,1976-07-07,Passenger transport manager
53,2cbd69B0719dfA8,Reginald,Morris,Male,boothgeoffrey@example.org,(375)145-9925x403,1963-08-02,Armed forces operational officer
54,5ee46bDCcDcDeC6,Doris,Trevino,Male,mbarrera@example.com,984.298.5778x858,1938-07-15,Health and safety adviser
55,5a28eD603e2Fb06,Guy,Odom,Male,alvin20@example.com,428-894-4627x220,1944-04-25,Research scientist (maths)
56,A8fCd7EBFDdA3C0,Alexandra,Lucas,Male,stephen74@example.net,+1-334-215-8633x8517,1954-11-17,Building services engineer
57,2e64A3E3EE345a8,Kristina,Bernard,Female,bushcorey@example.net,546.089.1056,1946-10-02,Sports development officer
58,cBcAbe6EAD5eEb2,Danielle,Rosario,Male,jillian62@example.com,(812)045-7494,2023-01-03,Private music teacher
59,bFEBEdbC9bbeEef,Raven,Brady,Female,jackieshea@example.org,(167)633-5851,1998-07-08,Broadcast journalist
60,C4dA337d5D621fB,Mckenzie,Greer,Female,powelldaisy@example.net,+1-938-568-1899x554,2011-11-28,Primary school teacher
61,963fBa48Ab3Cfd6,Shelby,Krause,Male,mason58@example.com,025-867-6086x5990,2010-04-26,Financial controller
62,3AAC02aC1F5Fb3E,Ricardo,Avery,Male,mcgrathshari@example.com,357-296-9141x91177,1986-06-11,Legal executive
63,49ecBCAB54A45e2,Alexandra,Simmons,Female,ggaines@example.com,(662)039-0643,1952-11-26,Higher education careers adviser
64,BA7D47c4D2b9Ada,John,Gray,Male,holly26@example.org,001-525-260-5853x5630,1927-08-22,Leisure centre manager
65,9C4cEA07CAB1BCD,Christie,Davidson,Male,rday@example.net,8608786448,1931-05-18,Midwife
66,DaACb8A6E3daB6A,Debbie,Bird,Male,mtownsend@example.net,663.017.4614x30110,1921-02-24,Tourism officer
67,51e5de98dD1f3C2,Angela,Rodgers,Male,shaun85@example.net,705-754-4226,1909-06-21,"Psychologist, forensic"
68,5807cdfc1E8Bc91,Hector,Gordon,Male,eduardo61@example.org,(436)070-2994x977,1940-01-29,Curator
69,5f87f21eFe2A64E,Kim,Mejia,Male,anelson@example.net,278-973-2148x5277,2014-05-05,Osteopath
70,ab2f0e2AdB0DF6c,Candice,Berger,Male,flivingston@example.org,380.233.6912,1980-06-06,Chartered public finance accountant
71,1D2d628cc05BE8d,Patricia,Park,Male,meganhancock@example.org,(848)802-3570x742,1983-10-25,Prison officer
72,daECfb3AEf4067d,Sabrina,Zuniga,Female,joannrandall@example.com,001-806-563-3411x0101,1940-06-08,Fish farm manager
73,ad32556e0d88311,Dorothy,Orozco,Female,robinhorne@example.org,+1-312-035-2246x788,1998-10-13,Market researcher
74,e5C670DA8C57cDa,Derrick,Collier,Male,laurie71@example.org,954.850.3798,1994-12-30,Metallurgist
75,bbda981A75Cb485,Keith,Dalton,Female,ericazimmerman@example.org,(743)092-4631x8707,2005-04-20,Commercial/residential surveyor
76,e35E411bceeE4Eb,Elijah,Gibson,Female,harold24@example.com,+1-638-533-1006x361,2006-05-09,Exhibition designer
77,d7b35B2F7434Ee0,Dorothy,Chaney,Female,levinemartin@example.net,216.168.4009x0160,1934-04-11,Legal secretary
78,e25aDB28BC3450A,Erica,Ellison,Female,erin30@example.com,0497974159,1992-03-24,"Designer, graphic"
79,Da465a3A8d77fee,Rhonda,Riddle,Male,kirk15@example.com,+1-967-597-2564x42057,1985-12-08,"Surveyor, building"
80,d2BD0CA6c4AeE79,Jeremiah,Ochoa,Male,sabrinamoyer@example.net,(871)081-2587x15256,1968-09-15,Equality and diversity officer
81,fbDD883085D65C0,Lydia,Mccoy,Male,lcameron@example.net,1821679672,2018-10-01,Acupuncturist
82,BcB4bD2eCe9d1f6,Bruce,Mason,Female,ricky64@example.net,5351674906,1984-10-26,Tour manager
83,FaC59D11DbfdcEf,Kent,Gordon,Female,ralphmiranda@example.net,3743773419,1927-07-06,"Teacher, early years/pre"
84,f2Bc8E55697f1Cb,Lee,Travis,Female,tdennis@example.net,772-068-3270x22516,1910-01-23,Video editor
85,45e5a7bc163BbBe,Shelia,Grant,Female,duane54@example.org,658.526.9104,2001-06-01,Personal assistant
86,cF2f9Ac42f2aDa8,Sharon,Mckinney,Male,jim62@example.org,+1-301-888-3320x389,1911-12-06,Statistician
87,DFF6dD372C2eBc0,Joanne,Powell,Male,cochranbrian@example.com,956-859-4124x353,1975-07-30,"Conservator, furniture"
88,12bbDC77ac7C161,Mike,Fleming,Female,terrancegrimes@example.com,+1-954-950-7764x637,1996-03-07,"Journalist, broadcasting"
89,b6C3174dbBEde89,Mathew,Welch,Male,briannastanley@example.org,957-232-2172x850,1948-03-25,"Radiographer, therapeutic"
90,b7549AdfD4C9959,Charlene,Schroeder,Female,carlos66@example.net,(261)803-1951,1959-10-03,"Scientist, audiological"
91,d18Bd5fad88F81e,Wanda,Hutchinson,Female,kurt88@example.org,+1-370-936-7957x0920,1916-03-06,"Surveyor, land/geomatics"
92,3cB3f44A1Af69B7,Angel,Bullock,Female,wburke@example.net,001-389-248-5624x39883,1979-02-27,Academic librarian
93,94e98dd5de07D21,Kevin,Henry,Female,nashbrent@example.net,(025)795-7626x745,1970-06-25,Planning and development surveyor
94,B86dEaBBEf63B6A,Sylvia,Blankenship,Male,vsims@example.net,678-161-6499x71135,2005-12-24,Paediatric nurse
95,ed058dD53012DaB,Kent,Kaufman,Male,ahodges@example.net,004-380-6116,1995-01-05,Drilling engineer
96,cBD40Fe040518D2,Ariana,Rangel,Female,pharding@example.org,258-962-0710,2006-01-29,Microbiologist
97,7D3fFB7cc25FA7C,Rick,Zavala,Female,gabrieladay@example.org,(260)108-1001,2024-10-09,Hospital doctor
98,1DA598F1cC0AC3B,Mike,Cantu,Male,chenana@example.com,435-322-0188x3729,1945-11-18,"Geneticist, molecular"
99,5DDc8953cBcb882,Cristina,Levine,Female,michele87@example.net,227-583-2513,1956-12-01,Photographer
100,A951E60cAF72909,Gene,Baird,Female,leonardlynn@example.net,(913)024-0766x24734,1956-04-09,IT consultant
