Index,Name,EAN,Internal ID
1,Information former best full.,4087354721917,53
2,Catch break it between.,4293133744460,60
3,Three end activity focus.,7134093899494,46
4,Attention manage else after.,5482541162327,99
5,Carry letter if goal agree.,1497875932618,68
6,Newspaper space yourself use.,6362496663591,27
7,Address specific born.,3771071754822,44
8,May back act whom.,0618776627804,57
9,Country fall happen.,0769715696112,40
10,Western role recognize issue.,8949326436211,83
11,Upon go somebody.,9679908159861,99
12,Stock ten ask.,6491412672116,1
13,One book common suddenly.,0088360945049,72
14,Several day may mean reflect.,1389204419344,95
15,Almost push protect.,8445061187833,55
16,Size none scene new.,3328047963285,66
17,Student once total.,8606281023473,46
18,Skill eye way every.,9978889483133,52
19,Out follow eight.,8689254282541,72
20,Travel policy ok bag.,6041068559714,8
21,Federal authority accept.,7325005950574,74
22,Outside whether buy nearly.,6876651735172,26
23,Drive item media.,4430401327615,16
24,Whole choose yet like.,3304380928112,19
25,Image everyone avoid share.,8268778850025,91
26,Still inside system check.,9934879991163,55
27,Record glass out open.,9429611805247,79
28,Conference impact role.,3930257592836,59
29,Modern along not away author.,7322261543991,88
30,Century practice race agency.,6835004882413,43
31,Available TV lose.,5559579601774,28
32,Away care then special mean.,1852553894983,48
33,Wish force defense buy.,6250560747714,96
34,Range per window way.,3157680520643,49
35,Meet player scene hear.,3383751862446,66
36,Receive person provide.,9643175984334,58
37,Job style product rest.,1133487607796,28
38,Role almost among behind.,3653480348277,45
39,Onto them building.,0897607416095,22
40,Remember movement someone.,8316400013758,74
41,Now recently simple list red.,4728429660815,49
42,Paper growth month.,5833092873581,2
43,Improve yourself clearly.,4369376800017,95
44,Inside of debate western PM.,8015531631052,3
45,Billion science adult.,5002906293116,36
46,Theory garden animal mean.,7313713275331,10
47,Near any friend positive.,1458486886165,1
48,With cultural any dark.,0837367832476,36
49,Side pull top.,9110850333317,4
50,Adult age herself always.,6649142706551,8
51,Case seem we season.,1475403878928,42
52,Way boy take window.,9572488717455,21
53,Summer your claim.,9187624230646,99
54,Within different in during.,5750128725419,22
55,Spring find of serve to.,9421225033092,24
56,Pretty will seem.,7533348817830,69
57,Thank degree than anyone TV.,4683845428855,70
58,Message prevent fine.,7776284403341,65
59,Believe group north north.,3039584962432,51
60,Prevent season stuff.,4946666233382,65
61,Nice likely court.,6165412675933,58
62,Best film doctor.,8041443112310,93
63,Yes wife those central.,6169554131548,75
64,Property player teacher.,9626481386795,75
65,Policy civil sense.,5184788146732,61
66,Night culture write far.,1539834950971,1
67,Form seem power economic.,5903011087310,65
68,Positive film agent shake.,0872505975240,30
69,Their stuff sometimes.,8256645643917,14
70,Feeling green line.,1015548715537,55
71,Play PM method draw who.,7241332870814,81
72,Course act per practice.,8782262608577,93
73,Include partner message.,6110161089043,33
74,Most follow realize quite.,6765766649538,41
75,Best past practice.,7358112111071,79
76,On lay personal.,6689571302665,4
77,Card church while our.,3300007182417,85
78,Card than issue wish enjoy.,1352588955685,4
79,Old baby stand house.,3563347731770,27
80,Pm late degree easy age.,5121509158452,68
81,Attack store fight writer.,0575643629043,89
82,Loss reach yard cold.,0209811211548,36
83,Tough story site statement a.,6067292268512,33
84,Democrat water military.,8109394167008,51
85,Bad with sell.,8850859366435,79
86,Too group price film.,1481793340945,94
87,Imagine too professor far.,3902950697668,46
88,They stay bank state.,1673580169437,95
89,Become yet personal.,2872235801930,35
90,Part expect writer against.,4902505623240,37
91,Better writer again bar.,1024627538196,10
92,Notice similar move.,3668200868805,99
93,Board young name offer.,9066724294317,36
94,Hour reduce amount at.,3495432894520,13
95,Bring easy market behavior.,6673317704134,87
96,Just we news blue a nice.,6504455145803,48
97,Mouth leave view report well.,3859761958092,15
98,Exist his sea.,6175630207205,99
99,Everyone tree hard so.,9678197663271,57
100,Full ok few alone.,1300337184534,13
